-- phpMyAdmin SQL Dump
-- version 4.6.5.2
-- https://www.phpmyadmin.net/
--
-- Host: 127.0.0.1
-- Generation Time: 05 Des 2017 pada 12.42
-- Versi Server: 10.1.21-MariaDB
-- PHP Version: 5.6.30

SET SQL_MODE = "NO_AUTO_VALUE_ON_ZERO";
SET time_zone = "+00:00";


/*!40101 SET @OLD_CHARACTER_SET_CLIENT=@@CHARACTER_SET_CLIENT */;
/*!40101 SET @OLD_CHARACTER_SET_RESULTS=@@CHARACTER_SET_RESULTS */;
/*!40101 SET @OLD_COLLATION_CONNECTION=@@COLLATION_CONNECTION */;
/*!40101 SET NAMES utf8mb4 */;

--
-- Database: `spmata`
--

-- --------------------------------------------------------

--
-- Struktur dari tabel `gejala`
--

CREATE TABLE `gejala` (
  `idGejala` varchar(4) NOT NULL,
  `namaGejala` text NOT NULL,
  `idKategori` varchar(4) NOT NULL
) ENGINE=InnoDB DEFAULT CHARSET=latin1;

--
-- Dumping data untuk tabel `gejala`
--

INSERT INTO `gejala` (`idGejala`, `namaGejala`, `idKategori`) VALUES
('G001', 'penglihatan mata kabur', 'K001'),
('G002', 'terdapat garis gelombang pada penglihatan', 'K001'),
('G003', 'tidak dapat mengenal warna dengan baik', 'K004'),
('G004', 'membutuhkan cahaya terang saat membaca', 'K005'),
('G005', 'Sulit mengenali wajah', 'K001'),
('G006', 'Tidak bisa melihat warna cerah', 'K004'),
('G007', 'Sulit untuk melihat pada malam hari/ tidak ada cahaya', 'K005'),
('G008', 'Mata menjadi sangat sensitif terhadap cahaya', 'K005'),
('G009', 'Ada lingkaran putih dalam sumber cahaya seperti lampu', 'K001'),
('G010', 'Penglihatan mata menjadi ganda', 'K001'),
('G011', 'Rasa sakit atau nyeri pada bagian belakang mata', 'K002'),
('G012', 'Melihat bayangan lampu berkedip', 'K001'),
('G013', 'Sakit mata parah', 'K002'),
('G014', 'Mual dan muntah saat sakit mata', 'K002'),
('G015', 'Mata menjadi merah / biru', 'K003'),
('G016', 'Mata seperti melihat bintik-bintik kecil pada pandangan.', 'K001'),
('G017', 'Mata seperti tertutup oleh rambut atau beberapa benang kecil meskipun sebenarnya tidak.', 'K001'),
('G018', 'Mata memberikan respon berkedip dalam waktu cepat saat melihat mata.', 'K001'),
('G019', 'Anak-anak akan sering memiringkan salah satu bagian mata atau menutup satu mata untuk bisa melihat objek dengan benar.', 'K002'),
('G020', 'Mata menjadi tidak fokus saat melihat dan sering terlihat oleh orang lain', 'K003'),
('G021', 'Muncul bintitan di kelopak mata bagian atas dan atau bagian bawah', 'K003'),
('G022', 'Mata tidak mengeluarkan kotoran', 'K003'),
('G023', 'pengelihatan seperti ada bintik bintik hitam berterbangan', 'K003'),
('G024', 'adanya bintik bintik putih pada mata', 'K001'),
('G025', 'tidak dapat melihat benda terlalu dekat', 'K004'),
('G026', 'tidak dapat melihat benda terlalu jauh', 'K004'),
('G027', 'tidak dapat melihat benda dekat ataupun benda jauh', 'K004'),
('G028', 'Anda berusia lanjut', 'K002'),
('G029', 'Anda merupakan keturunan buta warna', 'K002');

-- --------------------------------------------------------

--
-- Struktur dari tabel `gejalapenyakit`
--

CREATE TABLE `gejalapenyakit` (
  `idGejalaPenyakit` varchar(6) NOT NULL,
  `idPenyakit` varchar(4) NOT NULL,
  `idGejala` varchar(4) NOT NULL,
  `likelihood` float NOT NULL
) ENGINE=InnoDB DEFAULT CHARSET=latin1;

--
-- Dumping data untuk tabel `gejalapenyakit`
--

INSERT INTO `gejalapenyakit` (`idGejalaPenyakit`, `idPenyakit`, `idGejala`, `likelihood`) VALUES
('GP0101', 'P001', 'G001', 0.871),
('GP0102', 'P001', 'G002', 0.79),
('GP0103', 'P001', 'G003', 0.89),
('GP0104', 'P001', 'G004', 0.67),
('GP0105', 'P001', 'G005', 0.78),
('GP0106', 'P001', 'G006', 0.65),
('GP0107', 'P001', 'G007', 0.174636),
('GP0108', 'P001', 'G008', 0.169988),
('GP0109', 'P001', 'G009', 0.163307),
('GP0110', 'P001', 'G010', 0.158871),
('GP0111', 'P001', 'G011', 0.130988),
('GP0112', 'P001', 'G012', 0.196025),
('GP0113', 'P001', 'G013', 0.182939),
('GP0114', 'P001', 'G014', 0.147123),
('GP0115', 'P001', 'G015', 0.11871),
('GP0116', 'P001', 'G016', 0.174267),
('GP0117', 'P001', 'G017', 0.112835),
('GP0118', 'P001', 'G018', 0.198734),
('GP0119', 'P001', 'G019', 0.122193),
('GP0120', 'P001', 'G020', 0.171878),
('GP0121', 'P001', 'G021', 0.140844),
('GP0122', 'P001', 'G022', 0.137353),
('GP0123', 'P001', 'G023', 0.107602),
('GP0124', 'P001', 'G024', 0.12799),
('GP0125', 'P001', 'G025', 0.122327),
('GP0126', 'P001', 'G026', 0.114032),
('GP0127', 'P001', 'G027', 0.130561),
('GP0128', 'P001', 'G028', 0.17171),
('GP0129', 'P001', 'G029', 0.100729),
('GP0201', 'P002', 'G001', 0.78),
('GP0202', 'P002', 'G002', 0.199587),
('GP0203', 'P002', 'G003', 0.172667),
('GP0204', 'P002', 'G004', 0.196131),
('GP0205', 'P002', 'G005', 0.176176),
('GP0206', 'P002', 'G006', 0.113225),
('GP0207', 'P002', 'G007', 0.78),
('GP0208', 'P002', 'G008', 0.81),
('GP0209', 'P002', 'G009', 0.79),
('GP0210', 'P002', 'G010', 0.83),
('GP0211', 'P002', 'G011', 0.195087),
('GP0212', 'P002', 'G012', 0.16825),
('GP0213', 'P002', 'G013', 0.121892),
('GP0214', 'P002', 'G014', 0.186208),
('GP0215', 'P002', 'G015', 0.12495),
('GP0216', 'P002', 'G016', 0.197121),
('GP0217', 'P002', 'G017', 0.151328),
('GP0218', 'P002', 'G018', 0.155125),
('GP0219', 'P002', 'G019', 0.176545),
('GP0220', 'P002', 'G020', 0.104355),
('GP0221', 'P002', 'G021', 0.106193),
('GP0222', 'P002', 'G022', 0.195793),
('GP0223', 'P002', 'G023', 0.172873),
('GP0224', 'P002', 'G024', 0.105927),
('GP0225', 'P002', 'G025', 0.144465),
('GP0226', 'P002', 'G026', 0.116944),
('GP0227', 'P002', 'G027', 0.120884),
('GP0228', 'P002', 'G028', 0.144729),
('GP0229', 'P002', 'G029', 0.130271),
('GP0301', 'P003', 'G001', 0.1229),
('GP0302', 'P003', 'G002', 0.156682),
('GP0303', 'P003', 'G003', 0.82),
('GP0304', 'P003', 'G004', 0.156815),
('GP0305', 'P003', 'G005', 0.145044),
('GP0306', 'P003', 'G006', 0.138062),
('GP0307', 'P003', 'G007', 0.124557),
('GP0308', 'P003', 'G008', 0.16783),
('GP0309', 'P003', 'G009', 0.192002),
('GP0310', 'P003', 'G010', 0.130485),
('GP0311', 'P003', 'G011', 0.77),
('GP0312', 'P003', 'G012', 0.67),
('GP0313', 'P003', 'G013', 0.188955),
('GP0314', 'P003', 'G014', 0.122549),
('GP0315', 'P003', 'G015', 0.146698),
('GP0316', 'P003', 'G016', 0.196368),
('GP0317', 'P003', 'G017', 0.112175),
('GP0318', 'P003', 'G018', 0.101982),
('GP0319', 'P003', 'G019', 0.164924),
('GP0320', 'P003', 'G020', 0.186963),
('GP0321', 'P003', 'G021', 0.190364),
('GP0322', 'P003', 'G022', 0.140955),
('GP0323', 'P003', 'G023', 0.108127),
('GP0324', 'P003', 'G024', 0.137224),
('GP0325', 'P003', 'G025', 0.103359),
('GP0326', 'P003', 'G026', 0.171808),
('GP0327', 'P003', 'G027', 0.188152),
('GP0328', 'P003', 'G028', 0.130033),
('GP0329', 'P003', 'G029', 0.195132),
('GP0401', 'P004', 'G001', 0.170672),
('GP0402', 'P004', 'G002', 0.171293),
('GP0403', 'P004', 'G003', 0.192011),
('GP0404', 'P004', 'G004', 0.186316),
('GP0405', 'P004', 'G005', 0.1723),
('GP0406', 'P004', 'G006', 0.101945),
('GP0407', 'P004', 'G007', 0.78),
('GP0408', 'P004', 'G008', 0.132734),
('GP0409', 'P004', 'G009', 0.87),
('GP0410', 'P004', 'G010', 0.186853),
('GP0411', 'P004', 'G011', 0.155535),
('GP0412', 'P004', 'G012', 0.18587),
('GP0413', 'P004', 'G013', 0.8),
('GP0414', 'P004', 'G014', 0.78),
('GP0415', 'P004', 'G015', 0.69),
('GP0416', 'P004', 'G016', 0.119862),
('GP0417', 'P004', 'G017', 0.106907),
('GP0418', 'P004', 'G018', 0.100654),
('GP0419', 'P004', 'G019', 0.121974),
('GP0420', 'P004', 'G020', 0.140865),
('GP0421', 'P004', 'G021', 0.132249),
('GP0422', 'P004', 'G022', 0.176249),
('GP0423', 'P004', 'G023', 0.185438),
('GP0424', 'P004', 'G024', 0.108281),
('GP0425', 'P004', 'G025', 0.126438),
('GP0426', 'P004', 'G026', 0.155072),
('GP0427', 'P004', 'G027', 0.106963),
('GP0428', 'P004', 'G028', 0.160589),
('GP0429', 'P004', 'G029', 0.178386),
('GP0501', 'P005', 'G001', 0.171894),
('GP0502', 'P005', 'G002', 0.123861),
('GP0503', 'P005', 'G003', 0.127438),
('GP0504', 'P005', 'G004', 0.17764),
('GP0505', 'P005', 'G005', 0.122405),
('GP0506', 'P005', 'G006', 0.186915),
('GP0507', 'P005', 'G007', 0.155545),
('GP0508', 'P005', 'G008', 0.130641),
('GP0509', 'P005', 'G009', 0.180725),
('GP0510', 'P005', 'G010', 0.189706),
('GP0511', 'P005', 'G011', 0.145302),
('GP0512', 'P005', 'G012', 0.116041),
('GP0513', 'P005', 'G013', 0.180773),
('GP0514', 'P005', 'G014', 0.114601),
('GP0515', 'P005', 'G015', 0.186517),
('GP0516', 'P005', 'G016', 0.82),
('GP0517', 'P005', 'G017', 0.72),
('GP0518', 'P005', 'G018', 0.76),
('GP0519', 'P005', 'G019', 0.13664),
('GP0520', 'P005', 'G020', 0.196906),
('GP0521', 'P005', 'G021', 0.110193),
('GP0522', 'P005', 'G022', 0.137145),
('GP0523', 'P005', 'G023', 0.12076),
('GP0524', 'P005', 'G024', 0.135093),
('GP0525', 'P005', 'G025', 0.105019),
('GP0526', 'P005', 'G026', 0.162299),
('GP0527', 'P005', 'G027', 0.182155),
('GP0528', 'P005', 'G028', 0.166699),
('GP0529', 'P005', 'G029', 0.118818),
('GP0601', 'P006', 'G001', 0.12282),
('GP0602', 'P006', 'G002', 0.155438),
('GP0603', 'P006', 'G003', 0.115202),
('GP0604', 'P006', 'G004', 0.105108),
('GP0605', 'P006', 'G005', 0.199903),
('GP0606', 'P006', 'G006', 0.181322),
('GP0607', 'P006', 'G007', 0.134124),
('GP0608', 'P006', 'G008', 0.180475),
('GP0609', 'P006', 'G009', 0.195758),
('GP0610', 'P006', 'G010', 0.17108),
('GP0611', 'P006', 'G011', 0.107813),
('GP0612', 'P006', 'G012', 0.193731),
('GP0613', 'P006', 'G013', 0.157358),
('GP0614', 'P006', 'G014', 0.13011),
('GP0615', 'P006', 'G015', 0.152268),
('GP0616', 'P006', 'G016', 0.118133),
('GP0617', 'P006', 'G017', 0.16867),
('GP0618', 'P006', 'G018', 0.135808),
('GP0619', 'P006', 'G019', 0.84),
('GP0620', 'P006', 'G020', 0.83),
('GP0621', 'P006', 'G021', 0.187629),
('GP0622', 'P006', 'G022', 0.13638),
('GP0623', 'P006', 'G023', 0.14891),
('GP0624', 'P006', 'G024', 0.183278),
('GP0625', 'P006', 'G025', 0.118211),
('GP0626', 'P006', 'G026', 0.178255),
('GP0627', 'P006', 'G027', 0.118509),
('GP0628', 'P006', 'G028', 0.155428),
('GP0629', 'P006', 'G029', 0.120093),
('GP0701', 'P007', 'G001', 0.136188),
('GP0702', 'P007', 'G002', 0.153791),
('GP0703', 'P007', 'G003', 0.172884),
('GP0704', 'P007', 'G004', 0.150287),
('GP0705', 'P007', 'G005', 0.103895),
('GP0706', 'P007', 'G006', 0.172924),
('GP0707', 'P007', 'G007', 0.15218),
('GP0708', 'P007', 'G008', 0.108799),
('GP0709', 'P007', 'G009', 0.129364),
('GP0710', 'P007', 'G010', 0.168215),
('GP0711', 'P007', 'G011', 0.8),
('GP0712', 'P007', 'G012', 0.172278),
('GP0713', 'P007', 'G013', 0.10841),
('GP0714', 'P007', 'G014', 0.112123),
('GP0715', 'P007', 'G015', 0.76),
('GP0716', 'P007', 'G016', 0.134283),
('GP0717', 'P007', 'G017', 0.121034),
('GP0718', 'P007', 'G018', 0.136031),
('GP0719', 'P007', 'G019', 0.136881),
('GP0720', 'P007', 'G020', 0.135094),
('GP0721', 'P007', 'G021', 0.77),
('GP0722', 'P007', 'G022', 0.182623),
('GP0723', 'P007', 'G023', 0.144627),
('GP0724', 'P007', 'G024', 0.110345),
('GP0725', 'P007', 'G025', 0.181031),
('GP0726', 'P007', 'G026', 0.118678),
('GP0727', 'P007', 'G027', 0.185669),
('GP0728', 'P007', 'G028', 0.198537),
('GP0729', 'P007', 'G029', 0.106297),
('GP0801', 'P008', 'G001', 0.157319),
('GP0802', 'P008', 'G002', 0.147932),
('GP0803', 'P008', 'G003', 0.124084),
('GP0804', 'P008', 'G004', 0.119536),
('GP0805', 'P008', 'G005', 0.144635),
('GP0806', 'P008', 'G006', 0.116578),
('GP0807', 'P008', 'G007', 0.124165),
('GP0808', 'P008', 'G008', 0.165423),
('GP0809', 'P008', 'G009', 0.104134),
('GP0810', 'P008', 'G010', 0.117701),
('GP0811', 'P008', 'G011', 0.120733),
('GP0812', 'P008', 'G012', 0.109702),
('GP0813', 'P008', 'G013', 0.17136),
('GP0814', 'P008', 'G014', 0.179265),
('GP0815', 'P008', 'G015', 0.65),
('GP0816', 'P008', 'G016', 0.10251),
('GP0817', 'P008', 'G017', 0.161783),
('GP0818', 'P008', 'G018', 0.192261),
('GP0819', 'P008', 'G019', 0.11578),
('GP0820', 'P008', 'G020', 0.108782),
('GP0821', 'P008', 'G021', 0.160424),
('GP0822', 'P008', 'G022', 0.78),
('GP0823', 'P008', 'G023', 0.74),
('GP0824', 'P008', 'G024', 0.183706),
('GP0825', 'P008', 'G025', 0.12022),
('GP0826', 'P008', 'G026', 0.187291),
('GP0827', 'P008', 'G027', 0.145072),
('GP0828', 'P008', 'G028', 0.106179),
('GP0829', 'P008', 'G029', 0.198255),
('GP0901', 'P009', 'G001', 0.101621),
('GP0902', 'P009', 'G002', 0.149532),
('GP0903', 'P009', 'G003', 0.136819),
('GP0904', 'P009', 'G004', 0.139398),
('GP0905', 'P009', 'G005', 0.181271),
('GP0906', 'P009', 'G006', 0.165357),
('GP0907', 'P009', 'G007', 0.147131),
('GP0908', 'P009', 'G008', 0.13838),
('GP0909', 'P009', 'G009', 0.132516),
('GP0910', 'P009', 'G010', 0.182596),
('GP0911', 'P009', 'G011', 0.194957),
('GP0912', 'P009', 'G012', 0.145452),
('GP0913', 'P009', 'G013', 0.178817),
('GP0914', 'P009', 'G014', 0.146903),
('GP0915', 'P009', 'G015', 0.177993),
('GP0916', 'P009', 'G016', 0.162167),
('GP0917', 'P009', 'G017', 0.165742),
('GP0918', 'P009', 'G018', 0.162252),
('GP0919', 'P009', 'G019', 0.144524),
('GP0920', 'P009', 'G020', 0.183277),
('GP0921', 'P009', 'G021', 0.173839),
('GP0922', 'P009', 'G022', 0.173849),
('GP0923', 'P009', 'G023', 0.161014),
('GP0924', 'P009', 'G024', 0.85),
('GP0925', 'P009', 'G025', 0.120653),
('GP0926', 'P009', 'G026', 0.128348),
('GP0927', 'P009', 'G027', 0.118267),
('GP0928', 'P009', 'G028', 0.119541),
('GP0929', 'P009', 'G029', 0.123605),
('GP1001', 'P010', 'G001', 0.104077),
('GP1002', 'P010', 'G002', 0.160056),
('GP1003', 'P010', 'G003', 0.124451),
('GP1004', 'P010', 'G004', 0.11999),
('GP1005', 'P010', 'G005', 0.102433),
('GP1006', 'P010', 'G006', 0.101383),
('GP1007', 'P010', 'G007', 0.159629),
('GP1008', 'P010', 'G008', 0.187575),
('GP1009', 'P010', 'G009', 0.134853),
('GP1010', 'P010', 'G010', 0.166446),
('GP1011', 'P010', 'G011', 0.13291),
('GP1012', 'P010', 'G012', 0.169822),
('GP1013', 'P010', 'G013', 0.17903),
('GP1014', 'P010', 'G014', 0.109094),
('GP1015', 'P010', 'G015', 0.159051),
('GP1016', 'P010', 'G016', 0.135674),
('GP1017', 'P010', 'G017', 0.157422),
('GP1018', 'P010', 'G018', 0.16936),
('GP1019', 'P010', 'G019', 0.104283),
('GP1020', 'P010', 'G020', 0.187518),
('GP1021', 'P010', 'G021', 0.121289),
('GP1022', 'P010', 'G022', 0.111323),
('GP1023', 'P010', 'G023', 0.125752),
('GP1024', 'P010', 'G024', 0.122824),
('GP1025', 'P010', 'G025', 0.86),
('GP1026', 'P010', 'G026', 0.102488),
('GP1027', 'P010', 'G027', 0.140514),
('GP1028', 'P010', 'G028', 0.119176),
('GP1029', 'P010', 'G029', 0.104332),
('GP1101', 'P011', 'G001', 0.124045),
('GP1102', 'P011', 'G002', 0.188312),
('GP1103', 'P011', 'G003', 0.123803),
('GP1104', 'P011', 'G004', 0.168428),
('GP1105', 'P011', 'G005', 0.163774),
('GP1106', 'P011', 'G006', 0.153758),
('GP1107', 'P011', 'G007', 0.188377),
('GP1108', 'P011', 'G008', 0.112803),
('GP1109', 'P011', 'G009', 0.18834),
('GP1110', 'P011', 'G010', 0.129992),
('GP1111', 'P011', 'G011', 0.135856),
('GP1112', 'P011', 'G012', 0.189917),
('GP1113', 'P011', 'G013', 0.142224),
('GP1114', 'P011', 'G014', 0.177979),
('GP1115', 'P011', 'G015', 0.18308),
('GP1116', 'P011', 'G016', 0.161149),
('GP1117', 'P011', 'G017', 0.19746),
('GP1118', 'P011', 'G018', 0.178038),
('GP1119', 'P011', 'G019', 0.119768),
('GP1120', 'P011', 'G020', 0.127983),
('GP1121', 'P011', 'G021', 0.171714),
('GP1122', 'P011', 'G022', 0.12974),
('GP1123', 'P011', 'G023', 0.129608),
('GP1124', 'P011', 'G024', 0.131047),
('GP1125', 'P011', 'G025', 0.146372),
('GP1126', 'P011', 'G026', 0.86),
('GP1127', 'P011', 'G027', 0.175874),
('GP1128', 'P011', 'G028', 0.172346),
('GP1129', 'P011', 'G029', 0.147094),
('GP1201', 'P012', 'G001', 0.191211),
('GP1202', 'P012', 'G002', 0.129973),
('GP1203', 'P012', 'G003', 0.180141),
('GP1204', 'P012', 'G004', 0.163634),
('GP1205', 'P012', 'G005', 0.180462),
('GP1206', 'P012', 'G006', 0.17163),
('GP1207', 'P012', 'G007', 0.112911),
('GP1208', 'P012', 'G008', 0.123634),
('GP1209', 'P012', 'G009', 0.12746),
('GP1210', 'P012', 'G010', 0.140632),
('GP1211', 'P012', 'G011', 0.129451),
('GP1212', 'P012', 'G012', 0.130721),
('GP1213', 'P012', 'G013', 0.137361),
('GP1214', 'P012', 'G014', 0.185827),
('GP1215', 'P012', 'G015', 0.14754),
('GP1216', 'P012', 'G016', 0.178723),
('GP1217', 'P012', 'G017', 0.176054),
('GP1218', 'P012', 'G018', 0.168793),
('GP1219', 'P012', 'G019', 0.197827),
('GP1220', 'P012', 'G020', 0.104418),
('GP1221', 'P012', 'G021', 0.160279),
('GP1222', 'P012', 'G022', 0.10824),
('GP1223', 'P012', 'G023', 0.100589),
('GP1224', 'P012', 'G024', 0.112252),
('GP1225', 'P012', 'G025', 0.131055),
('GP1226', 'P012', 'G026', 0.145722),
('GP1227', 'P012', 'G027', 0.85),
('GP1228', 'P012', 'G028', 0.83),
('GP1229', 'P012', 'G029', 0.136214),
('GP1301', 'P013', 'G001', 0.107673),
('GP1302', 'P013', 'G002', 0.11272),
('GP1303', 'P013', 'G003', 0.82),
('GP1304', 'P013', 'G004', 0.138452),
('GP1305', 'P013', 'G005', 0.137098),
('GP1306', 'P013', 'G006', 0.180849),
('GP1307', 'P013', 'G007', 0.198771),
('GP1308', 'P013', 'G008', 0.119967),
('GP1309', 'P013', 'G009', 0.12999),
('GP1310', 'P013', 'G010', 0.152392),
('GP1311', 'P013', 'G011', 0.110695),
('GP1312', 'P013', 'G012', 0.17185),
('GP1313', 'P013', 'G013', 0.172708),
('GP1314', 'P013', 'G014', 0.100358),
('GP1315', 'P013', 'G015', 0.177168),
('GP1316', 'P013', 'G016', 0.167283),
('GP1317', 'P013', 'G017', 0.117188),
('GP1318', 'P013', 'G018', 0.187291),
('GP1319', 'P013', 'G019', 0.115729),
('GP1320', 'P013', 'G020', 0.180236),
('GP1321', 'P013', 'G021', 0.199093),
('GP1322', 'P013', 'G022', 0.186167),
('GP1323', 'P013', 'G023', 0.139008),
('GP1324', 'P013', 'G024', 0.12213),
('GP1325', 'P013', 'G025', 0.190619),
('GP1326', 'P013', 'G026', 0.108623),
('GP1327', 'P013', 'G027', 0.107376),
('GP1328', 'P013', 'G028', 0.195284),
('GP1329', 'P013', 'G029', 0.86);

-- --------------------------------------------------------

--
-- Struktur dari tabel `kategori`
--

CREATE TABLE `kategori` (
  `idKategori` varchar(4) NOT NULL,
  `namaKategori` varchar(20) NOT NULL
) ENGINE=InnoDB DEFAULT CHARSET=latin1;

--
-- Dumping data untuk tabel `kategori`
--

INSERT INTO `kategori` (`idKategori`, `namaKategori`) VALUES
('K001', 'Penglihatan'),
('K002', 'Kebiasaan'),
('K003', 'Kondisi Mata'),
('K004', 'Rabun'),
('K005', 'Cahaya');

-- --------------------------------------------------------

--
-- Struktur dari tabel `penyakit`
--

CREATE TABLE `penyakit` (
  `idPenyakit` varchar(4) NOT NULL,
  `namaPenyakit` text NOT NULL,
  `prior` float NOT NULL
) ENGINE=InnoDB DEFAULT CHARSET=latin1;

--
-- Dumping data untuk tabel `penyakit`
--

INSERT INTO `penyakit` (`idPenyakit`, `namaPenyakit`, `prior`) VALUES
('P001', 'degenerasi makula', 0.0769231),
('P002', 'katarak', 0.0769231),
('P003', 'neuritis optik', 0.0769231),
('P004', 'glukoma', 0.0769231),
('P005', 'ablasi', 0.0769231),
('P006', 'juling (strabismus)', 0.0769231),
('P007', 'bintitan (herdeolum)', 0.0769231),
('P008', 'iridosiklitis', 0.0769231),
('P009', 'keratitis', 0.0769231),
('P010', 'hipermetropi', 0.0769231),
('P011', 'miopi', 0.0769231),
('P012', 'presbiopi', 0.0769231),
('P013', 'buta warna', 0.0769231);

--
-- Indexes for dumped tables
--

--
-- Indexes for table `gejala`
--
ALTER TABLE `gejala`
  ADD PRIMARY KEY (`idGejala`),
  ADD KEY `idKategori` (`idKategori`);

--
-- Indexes for table `gejalapenyakit`
--
ALTER TABLE `gejalapenyakit`
  ADD PRIMARY KEY (`idGejalaPenyakit`),
  ADD KEY `idPenyakit` (`idPenyakit`),
  ADD KEY `idGejala` (`idGejala`);

--
-- Indexes for table `kategori`
--
ALTER TABLE `kategori`
  ADD PRIMARY KEY (`idKategori`);

--
-- Indexes for table `penyakit`
--
ALTER TABLE `penyakit`
  ADD PRIMARY KEY (`idPenyakit`);

--
-- Ketidakleluasaan untuk tabel pelimpahan (Dumped Tables)
--

--
-- Ketidakleluasaan untuk tabel `gejala`
--
ALTER TABLE `gejala`
  ADD CONSTRAINT `gejala_ibfk_1` FOREIGN KEY (`idKategori`) REFERENCES `kategori` (`idKategori`);

--
-- Ketidakleluasaan untuk tabel `gejalapenyakit`
--
ALTER TABLE `gejalapenyakit`
  ADD CONSTRAINT `gejalapenyakit_ibfk_1` FOREIGN KEY (`idPenyakit`) REFERENCES `penyakit` (`idPenyakit`),
  ADD CONSTRAINT `gejalapenyakit_ibfk_2` FOREIGN KEY (`idGejala`) REFERENCES `gejala` (`idGejala`);

/*!40101 SET CHARACTER_SET_CLIENT=@OLD_CHARACTER_SET_CLIENT */;
/*!40101 SET CHARACTER_SET_RESULTS=@OLD_CHARACTER_SET_RESULTS */;
/*!40101 SET COLLATION_CONNECTION=@OLD_COLLATION_CONNECTION */;
